{"loss": [13.253208030355168, 12.287672877803132, 12.140595829751163, 12.071540549597755, 12.031025259960282, 12.003577114914197, 11.982857954939648, 11.967981606378936, 11.955521520793555, 11.945271861775185, 11.936721462942673, 11.930429650128357, 11.924188189604775, 11.919122187694322, 11.914689754904384, 11.910256050502596, 11.906729242731254, 11.903653018167438, 11.90020518786567, 11.897347066343986], "word_prediction_loss": [4.281152779717622, 3.650063385653093, 3.5432245736535855, 3.493919520342389, 3.46492097537924, 3.445708657319524, 3.4311239504422977, 3.4209567270252457, 3.412703407575607, 3.405841418370337, 3.399997352336887, 3.3962957738030233, 3.3922681060297495, 3.388907824846631, 3.3861025324632292, 3.383464828987664, 3.381077845573226, 3.37944746741426, 3.3774716529980147, 3.3756339808556524], "category_prediction_loss": [8.9720552495337, 8.637609493965826, 8.597371256575228, 8.577621031612637, 8.566104290981817, 8.55786845976335, 8.551734003165375, 8.547024880714247, 8.542818112880804, 8.539430441972414, 8.536724108816182, 8.5341338787526, 8.531920084236479, 8.530214361485253, 8.52858722349503, 8.526791221694458, 8.525651395212689, 8.524205549771693, 8.522733534952883, 8.521713085223068], "word_prediction_acc": [0.2516380416145746, 0.3147982919000144, 0.3246452046370199, 0.3296384679935476, 0.3322972349253307, 0.33415725917296196, 0.3357140088447007, 0.33641459106010535, 0.3373823779166228, 0.3381215424005072, 0.3387223490753949, 0.33883181504631654, 0.3391408320995984, 0.33966393587977795, 0.3398302882651119, 0.3401285381738182, 0.34045873061136367, 0.3403706194772457, 0.34062346792499204, 0.3408388108189216], "category_prediction_acc": [0.5516087190905188, 0.5480962970361873, 0.5493079597187949, 0.5494106064983916, 0.549501947777247, 0.5500225392236837, 0.550484988088719, 0.5505901472008392, 0.5510875892859912, 0.5514385982041107, 0.5514217296774934, 0.5515049955965801, 0.5515586518673459, 0.5516790644359608, 0.5515809039664008, 0.5516928822716215, 0.5521293105364848, 0.5519922088948623, 0.5520537610716588, 0.5520485569509699]}